method,N,µ,NMI
louvain,250,0.1,1.0
louvain,250,0.2,0.9589323549091783
louvain,250,0.30000000000000004,0.9455088944017087
louvain,250,0.4,0.8453740601306873
louvain,250,0.5,0.1224093010973356
louvain,250,0.6,0.18615329744983483
louvain,250,0.7000000000000001,0.04908673342372722
