method,N,µ,NMI
map-equation,250,0.1,0.46741205557557014
map-equation,250,0.2,0.30712164310078427
map-equation,250,0.30000000000000004,0.20096968430080808
map-equation,250,0.4,0.2824248195573331
map-equation,250,0.5,0.2503788685126644
map-equation,250,0.6,0.2480548365975956
map-equation,250,0.7000000000000001,0.13903317111898367
