method,N,µ,NMI
Louvain Algorithm,250,0.1,0.9564852968832452
Louvain Algorithm,250,0.2,1.0
Louvain Algorithm,250,0.30000000000000004,0.991106828099744
Louvain Algorithm,250,0.4,0.7740925917018979
Louvain Algorithm,250,0.5,0.3261350059252432
Louvain Algorithm,250,0.6,0.13972122062873163
Louvain Algorithm,250,0.7000000000000001,0.03287268813654888
