method,N,µ,NMI
coverage,250,0.1,0.9477792753401777
coverage,250,0.2,0.6358334075580543
coverage,250,0.30000000000000004,0.0
coverage,250,0.4,0.0
coverage,250,0.5,0.0
coverage,250,0.6,0.0
coverage,250,0.7000000000000001,0.0
